<?xml version="1.0" encoding="utf-8"?>
<feed xmlns="http://www.w3.org/2005/Atom">
 
 <title>智融均策</title>
 <link href="http://zrjc.cn/" rel="self"/>
 <link href="http://zrjc.cn"/>
 <updated>2013-10-31T15:15:25+08:00</updated>
 <id>http://zrjc.cn</id>
 <author>
   <name>智融均策管理咨询（北京）有限公司</name>
   <email>113927088@qq.com</email>
 </author>

 
 <entry>
   <title>案例5</title>
   <link href="http://zrjc.cn/case/2013/09/10/case-05"/>
   <updated>2013-09-10T00:00:00+08:00</updated>
   <id>http://zrjc.cn/case/2013/09/10/case-05</id>
   <content type="html">&lt;h3 id='5'&gt;案例5——玩转北京节拍&lt;/h3&gt;

&lt;p&gt;&lt;img alt='艺博会' src='/assets/img/case5.jpg' /&gt;&lt;/p&gt;

&lt;p&gt;&lt;strong&gt;项目背景：&lt;/strong&gt;&lt;/p&gt;

&lt;p&gt;2008年6月24日以“奥运节拍”为主题的大型文化活动在中华世纪坛隆重举行，以音乐为核心的狂欢为奥运助威，自2008年起每年一届的奥运的文化遗产品牌“北京节拍”在世纪坛全新亮相，，2012年作为第四届北京节拍为夏季的北京打造一场全民参与的文化盛宴，如何推广活动成为组委会关注的焦点。&lt;/p&gt;

&lt;p&gt;&lt;strong&gt;项目执行：&lt;/strong&gt;通过我们策划的创意传播全案提高了北京节拍的影响力，提升了活动参与人气，如期完成组委会的既定目标。&lt;/p&gt;

&lt;p&gt;&lt;strong&gt;项目成果：&lt;/strong&gt;累计吸引超过496万人次关注活动，通过现场参与者的调查问卷显示，超过30%的年轻体验者受到了我们网络传播的直接影响。&lt;/p&gt;</content>
 </entry>
 
 <entry>
   <title>案例4</title>
   <link href="http://zrjc.cn/case/2013/09/10/case-04"/>
   <updated>2013-09-10T00:00:00+08:00</updated>
   <id>http://zrjc.cn/case/2013/09/10/case-04</id>
   <content type="html">&lt;h3 id='4'&gt;案例4——精准定位媒体策略，提升亚洲酒店行业峰会影响力&lt;/h3&gt;

&lt;p&gt;&lt;img alt='艺博会' src='/assets/img/case4.jpg' /&gt;&lt;/p&gt;

&lt;p&gt;&lt;strong&gt;项目背景：&lt;/strong&gt;&lt;/p&gt;

&lt;p&gt;亚洲酒店业青年领袖峰会是全球酒店业青年领袖峰会的亚洲分支。吸引媒体关注，提升影响力是2011亚洲酒店业青年领袖峰的营销目标。&lt;/p&gt;

&lt;p&gt;&lt;strong&gt;项目执行：&lt;/strong&gt;智融均策负责全媒体策略方案及创意推广执行。&lt;/p&gt;

&lt;p&gt;&lt;strong&gt;项目成果：&lt;/strong&gt;成功举办高端媒体酒会；峰会亮点得到核心媒体主动大量报道。&lt;/p&gt;</content>
 </entry>
 
 <entry>
   <title>案例3</title>
   <link href="http://zrjc.cn/case/2013/09/10/case-03"/>
   <updated>2013-09-10T00:00:00+08:00</updated>
   <id>http://zrjc.cn/case/2013/09/10/case-03</id>
   <content type="html">&lt;h3 id='3'&gt;案例3——社会化媒体营销助力昌河派喜新车上市&lt;/h3&gt;

&lt;p&gt;&lt;img alt='艺博会' src='/assets/img/case3.jpg' /&gt;&lt;/p&gt;

&lt;p&gt;&lt;strong&gt;项目背景：&lt;/strong&gt;&lt;/p&gt;

&lt;p&gt;2011年11月18日昌河铃木宣布SPLASH派喜正式在中国大陆地区上市，短期内吸引目标人群对新车的关注成为网络推广的目标。&lt;/p&gt;

&lt;p&gt;&lt;strong&gt;项目执行：&lt;/strong&gt;利用最活跃的新浪微博社交平台举办派喜新车网民互动。&lt;/p&gt;

&lt;p&gt;&lt;strong&gt;项目成果：&lt;/strong&gt;2011年12月，&lt;strong&gt;智融均策&lt;/strong&gt;在新浪官方微博举办了名为“派喜语录大生产”的语录征集活动。结合互联网创意互动营销和病毒营销方式，引导网友将“派喜”二字融入带有语录风格的句子，形成“派喜语录”。在这一游戏规则的指导下，活动激发了众多网友的创作欲望，一条条“语录”闪耀着网友们智慧的火花，活动吸引了超过35891位网民的直接参与，派喜与众不同的个性得到网民赞誉。&lt;/p&gt;</content>
 </entry>
 
 <entry>
   <title>案例2</title>
   <link href="http://zrjc.cn/case/2013/08/29/case-02"/>
   <updated>2013-08-29T00:00:00+08:00</updated>
   <id>http://zrjc.cn/case/2013/08/29/case-02</id>
   <content type="html">&lt;h3 id='2'&gt;案例2——网络让北京国际设计周走向大众&lt;/h3&gt;

&lt;p&gt;&lt;img alt='艺博会' src='/assets/img/case2.jpg' /&gt;&lt;/p&gt;

&lt;p&gt;&lt;strong&gt;项目背景：&lt;/strong&gt;&lt;/p&gt;

&lt;p&gt;北京国际设计周一场展示中国文化创意产业发展成绩，彰显北京建设世界城市成就的国际设计盛会。通过网络传播实现全民关注的效果是北京市政府此次活动的重要传播目标之一。&lt;/p&gt;

&lt;p&gt;&lt;strong&gt;项目执行：&lt;/strong&gt;构建全面网络传播渠道，全方位宣传设计周活动亮点及创意。&lt;/p&gt;

&lt;p&gt;&lt;strong&gt;项目成果：&lt;/strong&gt;国内主流网络媒体报道达到4380篇次；网民关注度超过20万人次；设计周新浪官方微博累计关注人次超过12万。&lt;/p&gt;</content>
 </entry>
 
 <entry>
   <title>案例1</title>
   <link href="http://zrjc.cn/case/2013/08/29/case-01"/>
   <updated>2013-08-29T00:00:00+08:00</updated>
   <id>http://zrjc.cn/case/2013/08/29/case-01</id>
   <content type="html">&lt;h3 id='1'&gt;案例1——助力艺博会打造国际级艺术品交易平台&lt;/h3&gt;

&lt;p&gt;&lt;img alt='艺博会' src='/assets/img/case1.jpg' /&gt;&lt;/p&gt;

&lt;p&gt;&lt;strong&gt;项目背景：&lt;/strong&gt;&lt;/p&gt;

&lt;p&gt;2012年中国艺术品产业博览会（简称艺博会）是国家文化部、北京市委联合主办的旨在推动中国艺术品产业发展的行业盛会，是目前国内规模最大、规格最高，汇聚世界顶级艺术大师和艺术品最多、代表中国艺术品产业发展水平的艺术品交易博览会。如何提升艺博会的影响力，吸引行业关注，公众瞩目？&lt;/p&gt;

&lt;p&gt;&lt;strong&gt;项目执行：&lt;/strong&gt;艺博会通过全媒体创意传播，引发目标人群对艺博会的持续关注、讨论和参与，充分调动了大众积极性，迅速提升了知名度、美誉度；同时塑造了此次博览会的国家级格调。&lt;/p&gt;

&lt;p&gt;&lt;strong&gt;项目成果：&lt;/strong&gt;”2012中国艺术品产业博览会”、”艺博会开幕式”成为网络热门话题，建立了政府、媒体、艺术机构、艺术家对艺博会的关注与支持，艺博会百度搜索排名第一，累计发布稿件覆盖频次达到998.7万人次，实现网民直接互动超过31000频次，帮助此次博览会成功举办。&lt;/p&gt;</content>
 </entry>
 
 
</feed>